{
  "Background": [ 214, 176, 94 ],
  "Border": [ 13, 13 ],
  "Blocks": {

    "LightSand": [
      [ 1, 1 ],
      [ 3, 1 ],
      [ 5, 1 ],
      [ 7, 1 ],
      [ 9, 1 ],
      [ 11, 1 ]
    ],
    "DarkSand": [
      [ 1, 3 ],
      [ 3, 3 ],
      [ 5, 3 ],
      [ 7, 3 ],
      [ 9, 3 ],
      [ 11, 3 ]
    ],
    "Stone": [
      [ 1, 5 ],
      [ 3, 5 ],
      [ 5, 5 ],
      [ 7, 5 ],
      [ 9, 5 ],
      [ 11, 5 ]
    ],


    "Cactus": [
      [ 1, 9 ]

    ],
    "DarkTree": [
      [ 3, 5 ]
    ],
    "LightTree": [
      [ 4, 6 ]
    ]

  },
  "Items": {
    "CoinBag": [
      [ 1, 7 ]
    ],
    "Balloon": [
      [ 3, 7 ]
    ],
    "Sneaker": [
      [ 5, 7 ]
    ],
    "Turtle": [
      [ 7, 7 ]
    ],
    "Potion": [
      [ 9, 7 ]
    ],
    "Coin": [
      [ 11, 7 ]
    ]

  },
  "Player": [ 0, 0 ],
  "Enemies": {
    "Bomb": [
      [ 0, 2 ]
    ],
    "Squid": [
      [ 0, 4 ]
    ],
    "Bat": [
      [ 0, 6 ]
    ],
    "Robot": [
      [ 0, 8 ]
    ]
  },
  "Boss": {
    "Sun": [
      [ 0, 10 ]
    ],
    "Octo": [
      [ 0, 7 ]
    ]
  }
}

        